CNAE 2.0 Classe,Atividade Nome
1113,Cultivo de cereais
1121,Cultivo de algodo herbceo e de outras fibras de lavoura temporria
1130,Cultivo de cana-de-acar
1148,Cultivo de fumo
1156,Cultivo de soja
1164,"Cultivo de oleaginosas de lavoura temporria, exceto soja"
1199,Cultivo de plantas de lavoura temporria no especificadas anteriormente
1211,Horticultura
1229,Cultivo de flores e plantas ornamentais
1318,Cultivo de laranja
1326,Cultivo de uva
1334,"Cultivo de frutas de lavoura permanente, exceto laranja e uva"
1342,Cultivo de caf
1351,Cultivo de cacau
1393,Cultivo de plantas de lavoura permanente no especificadas anteriormente
1415,Produo de sementes certificadas
1423,"Produo de mudas e outras formas de propagao vegetal, certificadas"
1512,Criao de bovinos
1521,Criao de outros animais de grande porte
1539,Criao de caprinos e ovinos
1547,Criao de sunos
1555,Criao de aves
1598,Criao de animais no especificados anteriormente
1610,Atividades de apoio  agricultura
1628,Atividades de apoio  pecuria
1636,Atividades de ps-colheita
1709,Caa e servios relacionados
2101,Produo florestal - florestas plantadas
2209,Produo florestal - florestas nativas
2306,Atividades de apoio  produo florestal
3116,Pesca em gua salgada
3124,Pesca em gua doce
3213,Aquicultura em gua salgada e salobra
3221,Aquicultura em gua doce
5003,Extrao de carvo mineral
6000,Extrao de petrleo e gs natural
7103,Extrao de minrio de ferro
7219,Extrao de minrio de alumnio
7227,Extrao de minrio de estanho
7235,Extrao de minrio de mangans
7243,Extrao de minrio de metais preciosos
7251,Extrao de minerais radioativos
7294,Extrao de minerais metlicos no ferrosos no especificados anteriormente
8100,"Extrao de pedra, areia e argila"
8916,"Extrao de minerais para fabricao de adubos, fertilizantes e outros produtos qumicos"
8924,Extrao e refino de sal marinho e sal-gema
8932,Extrao de gemas (pedras preciosas e semipreciosas)
8991,Extrao de minerais no metlicos no especificados anteriormente
9106,Atividades de apoio  extrao de petrleo e gs natural
9904,"Atividades de apoio  extrao de minerais, exceto petrleo e gs natural"
10112,"Abate de reses, exceto sunos"
10121,"Abate de sunos, aves e outros pequenos animais"
10139,Fabricao de produtos de carne
10201,Preservao do pescado e fabricao de produtos do pescado
10317,Fabricao de conservas de frutas
10325,Fabricao de conservas de legumes e outros vegetais
10333,"Fabricao de sucos de frutas, hortalias e legumes"
10414,"Fabricao de leos vegetais em bruto, exceto leo de milho"
10422,"Fabricao de leos vegetais refinados, exceto leo de milho"
10431,Fabricao de margarina e outras gorduras vegetais e de leos no comestveis
10511,Preparao do leite
10520,Fabricao de laticnios
10538,Fabricao de sorvetes e outros gelados comestveis
10619,Beneficiamento de arroz e fabricao de produtos do arroz
10627,Moagem de trigo e fabricao de derivados
10635,Fabricao de farinha de mandioca e derivados
10643,"Fabricao de farinha de milho e derivados, exceto leos de milho"
10651,Fabricao de amidos e fculas de vegetais e de leos de milho
10660,Fabricao de alimentos para animais
10694,Moagem e fabricao de produtos de origem vegetal no especificados
10716,Fabricao de acar em bruto
10724,Fabricao de acar refinado
10813,Torrefao e moagem de caf
10821,Fabricao de produtos  base de caf
10911,Fabricao de produtos de panificao
10929,Fabricao de biscoitos e bolachas
10937,"Fabricao de produtos derivados do cacau, de chocolates e confeitos"
10945,Fabricao de massas alimentcias
10953,"Fabricao de especiarias, molhos, temperos e condimentos"
10961,Fabricao de alimentos e pratos prontos
10996,Fabricao de produtos alimentcios no especificados anteriormente
11119,Fabricao de aguardentes e outras bebidas destiladas
11127,Fabricao de vinho
11135,"Fabricao de malte, cervejas e chopes"
11216,Fabricao de guas envasadas
11224,Fabricao de refrigerantes e de outras bebidas no alcolicas
12107,Processamento industrial do fumo
12204,Fabricao de produtos do fumo
13111,Preparao e fiao de fibras de algodo
13120,"Preparao e fiao de fibras txteis naturais, exceto algodo"
13138,Fiao de fibras artificiais e sintticas
13146,Fabricao de linhas para costurar e bordar
13219,Tecelagem de fios de algodo
13227,"Tecelagem de fios de fibras txteis naturais, exceto algodo"
13235,Tecelagem de fios de fibras artificiais e sintticas
13308,Fabricao de tecidos de malha
13405,"Acabamentos em fios, tecidos e artefatos txteis"
13511,Fabricao de artefatos txteis para uso domstico
13529,Fabricao de artefatos de tapearia
13537,Fabricao de artefatos de cordoaria
13545,"Fabricao de tecidos especiais, inclusive artefatos"
13596,Fabricao de outros produtos txteis no especificados anteriormente
14118,Confeco de roupas ntimas
14126,"Confeco de peas do vesturio, exceto roupas ntimas"
14134,Confeco de roupas profissionais
14142,"Fabricao de acessrios do vesturio, exceto para segurana e proteo"
14215,Fabricao de meias
14223,"Fabricao de artigos do vesturio, produzidos em malharias e tricotagens, exceto meias"
15106,Curtimento e outras preparaes de couro
15211,"Fabricao de artigos para viagem, bolsas e semelhantes de qualquer material"
15297,Fabricao de artefatos de couro no especificados anteriormente
15319,Fabricao de calados de couro
15327,Fabricao de tnis de qualquer material
15335,Fabricao de calados de material sinttico
15394,Fabricao de calados de materiais no especificados anteriormente
15408,"Fabricao de partes para calados, de qualquer material"
16102,Desdobramento de madeira
16218,"Fabricao de madeira laminada e de chapas de madeira compensada, prensada e aglomerada"
16226,Fabricao de estruturas de madeira e de artigos de carpintaria para construo
16234,Fabricao de artefatos de tanoaria e de embalagens de madeira
16293,"Fabricao de artefatos de madeira, palha, cortia, vime e material tranado no especificados anteriormente, exceto mveis"
17109,Fabricao de celulose e outras pastas para a fabricao de papel
17214,Fabricao de papel
17222,Fabricao de cartolina e papel-carto
17311,Fabricao de embalagens de papel
17320,Fabricao de embalagens de cartolina e papel-carto
17338,Fabricao de chapas e de embalagens de papelo ondulado
17419,"Fabricao de produtos de papel, cartolina, papel-carto e papelo ondulado para uso comercial e de escritrio"
17427,Fabricao de produtos de papel para usos domstico e higinico-sanitrio
17494,"Fabricao de produtos de pastas celulsicas, papel, cartolina, papel-carto e papelo ondulado no especificados anteriormente"
18113,"Impresso de jornais, livros, revistas e outras publicaes peridicas"
18121,Impresso de material de segurana
18130,Impresso de materiais para outros usos
18211,Servios de pr-impresso
18229,Servios de acabamentos grficos
18300,Reproduo de materiais gravados em qualquer suporte
19101,Coquerias
19217,Fabricao de produtos do refino de petrleo
19225,"Fabricao de produtos derivados do petrleo, exceto produtos do refino"
19314,Fabricao de lcool
19322,"Fabricao de biocombustveis, exceto lcool"
20118,Fabricao de cloro e lcalis
20126,Fabricao de intermedirios para fertilizantes
20134,Fabricao de adubos e fertilizantes
20142,Fabricao de gases industriais
20193,Fabricao de produtos qumicos inorgnicos no especificados anteriormente
20215,Fabricao de produtos petroqumicos bsicos
20223,"Fabricao de intermedirios para plastificantes, resinas e fibras"
20291,Fabricao de produtos qumicos orgnicos no especificados anteriormente
20312,Fabricao de resinas termoplsticas
20321,Fabricao de resinas termofixas
20339,Fabricao de elastmeros
20401,Fabricao de fibras artificiais e sintticas
20517,Fabricao de defensivos agrcolas
20525,Fabricao de desinfestantes domissanitrios
20614,Fabricao de sabes e detergentes sintticos
20622,Fabricao de produtos de limpeza e polimento
20631,"Fabricao de cosmticos, produtos de perfumaria e de higiene pessoal"
20711,"Fabricao de tintas, vernizes, esmaltes e lacas"
20720,Fabricao de tintas de impresso
20738,"Fabricao de impermeabilizantes, solventes e produtos afins"
20916,Fabricao de adesivos e selantes
20924,Fabricao de explosivos
20932,Fabricao de aditivos de uso industrial
20941,Fabricao de catalisadores
20991,Fabricao de produtos qumicos no especificados anteriormente
21106,Fabricao de produtos farmoqumicos
21211,Fabricao de medicamentos para uso humano
21220,Fabricao de medicamentos para uso veterinrio
21238,Fabricao de preparaes farmacuticas
22111,Fabricao de pneumticos e de cmaras-de-ar
22129,Reforma de pneumticos usados
22196,Fabricao de artefatos de borracha no especificados anteriormente
22218,Fabricao de laminados planos e tubulares de material plstico
22226,Fabricao de embalagens de material plstico
22234,Fabricao de tubos e acessrios de material plstico para uso na construo
22293,Fabricao de artefatos de material plstico no especificados anteriormente
23117,Fabricao de vidro plano e de segurana
23125,Fabricao de embalagens de vidro
23192,Fabricao de artigos de vidro
23206,Fabricao de cimento
23303,"Fabricao de artefatos de concreto, cimento, fibrocimento, gesso e materiais semelhantes "
23419,Fabricao de produtos cermicos refratrios
23427,Fabricao de produtos cermicos no refratrios para uso estrutural na construo
23494,Fabricao de produtos cermicos no refratrios no especificados anteriormente
23915,Aparelhamento e outros trabalhos em pedras 
23923,Fabricao de cal e gesso
23991,Fabricao de produtos de minerais no metlicos no especificados anteriormente
24113,Produo de ferro-gusa
24121,Produo de ferroligas
24211,Produo de semiacabados de ao
24229,Produo de laminados planos de ao
24237,Produo de laminados longos de ao
24245,"Produo de relaminados, trefilados e perfilados de ao"
24318,Produo de tubos de ao com costura
24393,Produo de outros tubos de ferro e ao
24415,Metalurgia do alumnio e suas ligas
24423,Metalurgia dos metais preciosos
24431,Metalurgia do cobre
24491,Metalurgia dos metais no ferrosos e suas ligas no especificados anteriormente
24512,Fundio de ferro e ao
24521,Fundio de metais no ferrosos e suas ligas
25110,Fabricao de estruturas metlicas
25128,Fabricao de esquadrias de metal
25136,Fabricao de obras de caldeiraria pesada
25217,"Fabricao de tanques, reservatrios metlicos e caldeiras para aquecimento central"
25225,"Fabricao de caldeiras geradoras de vapor, exceto para aquecimento central e para veculos"
25314,Produo de forjados de ao e de metais no ferrosos e suas ligas
25322,Produo de artefatos estampados de metal; metalurgia do p
25390,"Servios de usinagem, solda, tratamento e revestimento em metais"
25411,Fabricao de artigos de cutelaria
25420,"Fabricao de artigos de serralheria, exceto esquadrias"
25438,Fabricao de ferramentas
25501,"Fabricao de equipamento blico pesado, armas e munies"
25918,Fabricao de embalagens metlicas
25926,Fabricao de produtos de trefilados de metal
25934,Fabricao de artigos de metal para uso domstico e pessoal
25993,Fabricao de produtos de metal no especificados anteriormente
26108,Fabricao de componentes eletrnicos
26213,Fabricao de equipamentos de informtica
26221,Fabricao de perifricos para equipamentos de informtica
26311,Fabricao de equipamentos transmissores de comunicao
26329,Fabricao de aparelhos telefnicos e de outros equipamentos de comunicao
26400,"Fabricao de aparelhos de recepo, reproduo, gravao e amplificao de udio e vdeo"
26515,"Fabricao de aparelhos e equipamentos de medida, teste e controle"
26523,Fabricao de cronmetros e relgios
26604,Fabricao de aparelhos eletromdicos e eletroteraputicos e equipamentos de irradiao
26701,"Fabricao de equipamentos e instrumentos pticos, fotogrficos e cinematogrficos"
26809,"Fabricao de mdias virgens, magnticas e pticas"
27104,"Fabricao de geradores, transformadores e motores eltricos"
27210,"Fabricao de pilhas, baterias e acumuladores eltricos, exceto para veculos automotores"
27228,Fabricao de baterias e acumuladores para veculos automotores
27317,Fabricao de aparelhos e equipamentos para distribuio e controle de energia eltrica
27325,Fabricao de material eltrico para instalaes em circuito de consumo
27333,"Fabricao de fios, cabos e condutores eltricos isolados"
27406,Fabricao de lmpadas e outros equipamentos de iluminao
27511,"Fabricao de foges, refrigeradores e mquinas de lavar e secar para uso domstico"
27597,Fabricao de aparelhos eletrodomsticos no especificados anteriormente
27902,Fabricao de equipamentos e aparelhos eltricos no especificados anteriormente
28119,"Fabricao de motores e turbinas, exceto para avies e veculos rodovirios"
28127,"Fabricao de equipamentos hidrulicos e pneumticos, exceto vlvulas"
28135,"Fabricao de vlvulas, registros e dispositivos semelhantes"
28143,Fabricao de compressores
28151,Fabricao de equipamentos de transmisso para fins industriais
28216,Fabricao de aparelhos e equipamentos para instalaes trmicas
28224,"Fabricao de mquinas, equipamentos e aparelhos para transporte e elevao de cargas e pessoas"
28232,Fabricao de mquinas e aparelhos de refrigerao e ventilao para uso industrial e comercial
28241,Fabricao de aparelhos e equipamentos de ar condicionado
28259,Fabricao de mquinas e equipamentos para saneamento bsico e ambiental
28291,Fabricao de mquinas e equipamentos de uso geral no especificados anteriormente
28313,Fabricao de tratores agrcolas
28321,Fabricao de equipamentos para irrigao agrcola
28330,"Fabricao de mquinas e equipamentos para a agricultura e pecuria, exceto para irrigao"
28402,Fabricao de mquinas-ferramenta
28518,Fabricao de mquinas e equipamentos para a prospeco e extrao de petrleo
28526,"Fabricao de outras mquinas e equipamentos para uso na extrao mineral, exceto na extrao de petrleo"
28534,"Fabricao de tratores, exceto agrcolas"
28542,"Fabricao de mquinas e equipamentos para terraplenagem, pavimentao e construo, exceto tratores"
28615,"Fabricao de mquinas para a indstria metalrgica, exceto mquinas-ferramenta"
28623,"Fabricao de mquinas e equipamentos para as indstrias de alimentos, bebidas e fumo"
28631,Fabricao de mquinas e equipamentos para a indstria txtil
28640,"Fabricao de mquinas e equipamentos para as indstrias do vesturio, do couro e de calados"
28658,"Fabricao de mquinas e equipamentos para as indstrias de celulose, papel e papelo e artefatos"
28666,Fabricao de mquinas e equipamentos para a indstria do plstico
28691,Fabricao de mquinas e equipamentos para uso industrial especfico no especificados anteriormente
29107,"Fabricao de automveis, camionetas e utilitrios"
29204,Fabricao de caminhes e nibus
29301,"Fabricao de cabines, carrocerias e reboques para veculos automotores"
29417,Fabricao de peas e acessrios para o sistema motor de veculos automotores
29425,Fabricao de peas e acessrios para os sistemas de marcha e transmisso de veculos automotores
29433,Fabricao de peas e acessrios para o sistema de freios de veculos automotores
29441,Fabricao de peas e acessrios para o sistema de direo e suspenso de veculos automotores
29450,"Fabricao de material eltrico e eletrnico para veculos automotores, exceto baterias"
29492,Fabricao de peas e acessrios para veculos automotores no especificados anteriormente
29506,Recondicionamento e recuperao de motores para veculos automotores
30113,Construo de embarcaes e estruturas flutuantes
30121,Construo de embarcaes para esporte e lazer
30318,"Fabricao de locomotivas, vages e outros materiais rodantes"
30326,Fabricao de peas e acessrios para veculos ferrovirios
30415,Fabricao de aeronaves
30423,"Fabricao de turbinas, motores e outros componentes e peas para aeronaves"
30504,Fabricao de veculos militares de combate
30911,Fabricao de motocicletas
30920,Fabricao de bicicletas e triciclos no motorizados
30997,Fabricao de equipamentos de transporte no especificados anteriormente
31012,Fabricao de mveis com predominncia de madeira
31021,Fabricao de mveis com predominncia de metal
31039,"Fabricao de mveis de outros materiais, exceto madeira e metal"
31047,Fabricao de colches
32116,Lapidao de gemas e fabricao de artefatos de ourivesaria e joalheria
32124,Fabricao de bijuterias e artefatos semelhantes
32205,Fabricao de instrumentos musicais
32302,Fabricao de artefatos para pesca e esporte
32400,Fabricao de brinquedos e jogos recreativos
32507,Fabricao de instrumentos e materiais para uso mdico e odontolgico e de artigos pticos
32914,"Fabricao de escovas, pincis e vassouras"
32922,Fabricao de equipamentos e acessrios para segurana e proteo pessoal e profissional
32990,Fabricao de produtos diversos no especificados anteriormente
33112,"Manuteno e reparao de tanques, reservatrios metlicos e caldeiras, exceto para veculos"
33121,Manuteno e reparao de equipamentos eletrnicos e pticos
33139,Manuteno e reparao de mquinas e equipamentos eltricos
33147,Manuteno e reparao de mquinas e equipamentos da indstria mecnica
33155,Manuteno e reparao de veculos ferrovirios
33163,Manuteno e reparao de aeronaves
33171,Manuteno e reparao de embarcaes
33198,Manuteno e reparao de equipamentos e produtos no especificados anteriormente
33210,Instalao de mquinas e equipamentos industriais
33295,Instalao de equipamentos no especificados anteriormente
35115,Gerao de energia eltrica
35123,Transmisso de energia eltrica
35131,Comrcio atacadista de energia eltrica
35140,Distribuio de energia eltrica
35204,Produo de gs; processamento de gs natural; distribuio de combustveis gasosos por redes urbanas
35301,"Produo e distribuio de vapor, gua quente e ar condicionado"
36006,"Captao, tratamento e distribuio de gua"
37011,Gesto de redes de esgoto
37029,"Atividades relacionadas a esgoto, exceto a gesto de redes"
38114,Coleta de resduos no perigosos
38122,Coleta de resduos perigosos
38211,Tratamento e disposio de resduos no perigosos
38220,Tratamento e disposio de resduos perigosos
38319,Recuperao de materiais metlicos
38327,Recuperao de materiais plsticos
38394,Recuperao de materiais no especificados anteriormente
39005,Descontaminao e outros servios de gesto de resduos
41107,Incorporao de empreendimentos imobilirios
41204,Construo de edifcios
42111,Construo de rodovias e ferrovias
42120,Construo de obras de arte especiais
42138,"Obras de urbanizao - ruas, praas e caladas"
42219,Obras para gerao e distribuio de energia eltrica e para telecomunicaes
42227,"Construo de redes de abastecimento de gua, coleta de esgoto e construes correlatas"
42235,"Construo de redes de transportes por dutos, exceto para gua e esgoto"
42910,"Obras porturias, martimas e fluviais"
42928,Montagem de instalaes industriais e de estruturas metlicas
42995,Obras de engenharia civil no especificadas anteriormente
43118,Demolio e preparao de canteiros de obras
43126,Perfuraes e sondagens
43134,Obras de terraplenagem
43193,Servios de preparao do terreno no especificados anteriormente
43215,Instalaes eltricas
43223,"Instalaes hidrulicas, de sistemas de ventilao e refrigerao"
43291,Obras de instalaes em construes no especificadas anteriormente
43304,Obras de acabamento
43916,Obras de fundaes
43991,Servios especializados para construo no especificados anteriormente
45111,Comrcio a varejo e por atacado de veculos automotores
45129,Representantes comerciais e agentes do comrcio de veculos automotores
45200,Manuteno e reparao de veculos automotores
45307,Comrcio de peas e acessrios para veculos automotores
45412,"Comrcio por atacado e a varejo de motocicletas, peas e acessrios"
45421,"Representantes comerciais e agentes do comrcio de motocicletas, peas e acessrios"
45439,Manuteno e reparao de motocicletas
46117,Representantes comerciais e agentes do comrcio de matrias-primas agrcolas e animais vivos
46125,"Representantes comerciais e agentes do comrcio de combustveis, minerais, produtos siderrgicos e qumicos"
46133,"Representantes comerciais e agentes do comrcio de madeira, material de construo e ferragens"
46141,"Representantes comerciais e agentes do comrcio de mquinas, equipamentos, embarcaes e aeronaves"
46150,"Representantes comerciais e agentes do comrcio de eletrodomsticos, mveis e artigos de uso domstico"
46168,"Representantes comerciais e agentes do comrcio de txteis, vesturio, calados e artigos de viagem"
46176,"Representantes comerciais e agentes do comrcio de produtos alimentcios, bebidas e fumo"
46184,Representantes comerciais e agentes do comrcio especializado em produtos no especificados anteriormente
46192,Representantes comerciais e agentes do comrcio de mercadorias em geral no especializado
46214,Comrcio atacadista de caf em gro
46222,Comrcio atacadista de soja
46231,"Comrcio atacadista de animais vivos, alimentos para animais e matrias-primas agrcolas, exceto caf e soja"
46311,Comrcio atacadista de leite e laticnios
46320,"Comrcio atacadista de cereais e leguminosas beneficiados, farinhas, amidos e fculas"
46338,Comrcio atacadista de hortifrutigranjeiros
46346,"Comrcio atacadista de carnes, produtos da carne e pescado"
46354,Comrcio atacadista de bebidas
46362,Comrcio atacadista de produtos do fumo
46371,Comrcio atacadista especializado em produtos alimentcios no especificados anteriormente
46397,Comrcio atacadista de produtos alimentcios em geral
46419,"Comrcio atacadista de tecidos, artefatos de tecidos e de armarinho"
46427,Comrcio atacadista de artigos do vesturio e acessrios
46435,Comrcio atacadista de calados e artigos de viagem
46443,Comrcio atacadista de produtos farmacuticos para uso humano e veterinrio
46451,"Comrcio atacadista de instrumentos e materiais para uso mdico, cirrgico, ortopdico e odontolgico"
46460,"Comrcio atacadista de cosmticos, produtos de perfumaria e de higiene pessoal"
46478,"Comrcio atacadista de artigos de escritrio e de papelaria; livros, jornais e outras publicaes"
46494,Comrcio atacadista de equipamentos e artigos de uso pessoal e domstico no especificados anteriormente
46516,"Comrcio atacadista de computadores, perifricos e suprimentos de informtica"
46524,Comrcio atacadista de componentes eletrnicos e equipamentos de telefonia e comunicao
46613,"Comrcio atacadista de mquinas, aparelhos e equipamentos para uso agropecurio; partes e peas"
46621,"Comrcio atacadista de mquinas, equipamentos para terraplenagem, minerao e construo; partes e peas"
46630,Comrcio atacadista de mquinas e equipamentos para uso industrial; partes e peas
46648,"Comrcio atacadista de mquinas, aparelhos e equipamentos para uso odontomdico-hospitalar; partes e peas"
46656,Comrcio atacadista de mquinas e equipamentos para uso comercial; partes e peas
46699,"Comrcio atacadista de mquinas, aparelhos e equipamentos no especificados anteriormente; partes e peas"
46711,Comrcio atacadista de madeira e produtos derivados
46729,Comrcio atacadista de ferragens e ferramentas
46737,Comrcio atacadista de material eltrico
46745,Comrcio atacadista de cimento
46796,Comrcio atacadista especializado de materiais de construo no especificados anteriormente e de materiais de construo em geral
46818,"Comrcio atacadista de combustveis slidos, lquidos e gasosos, exceto gs natural e GLP"
46826,Comrcio atacadista de gs liquefeito de petrleo (GLP)
46834,"Comrcio atacadista de defensivos agrcolas, adubos, fertilizantes e corretivos do solo"
46842,"Comrcio atacadista de produtos qumicos e petroqumicos, exceto agroqumicos"
46851,"Comrcio atacadista de produtos siderrgicos e metalrgicos, exceto para construo"
46869,Comrcio atacadista de papel e papelo em bruto e de embalagens
46877,Comrcio atacadista de resduos e sucatas
46893,Comrcio atacadista especializado de outros produtos intermedirios no especificados anteriormente
46915,"Comrcio atacadista de mercadorias em geral, com predominncia de produtos alimentcios"
46923,"Comrcio atacadista de mercadorias em geral, com predominncia de insumos agropecurios"
46931,"Comrcio atacadista de mercadorias em geral, sem predominncia de alimentos ou de insumos agropecurios"
47113,"Comrcio varejista de mercadorias em geral, com predominncia de produtos alimentcios - hipermercados e supermercados"
47121,"Comrcio varejista de mercadorias em geral, com predominncia de produtos alimentcios - minimercados, mercearias e armazns"
47130,"Comrcio varejista de mercadorias em geral, sem predominncia de produtos alimentcios"
47211,"Comrcio varejista de produtos de padaria, laticnio, doces, balas e semelhantes"
47229,Comrcio varejista de carnes e pescados - aougues e peixarias
47237,Comrcio varejista de bebidas
47245,Comrcio varejista de hortifrutigranjeiros
47296,Comrcio varejista de produtos alimentcios em geral ou especializado em produtos alimentcios no especificados anteriormente; produtos do fumo 
47318,Comrcio varejista de combustveis para veculos automotores
47326,Comrcio varejista de lubrificantes
47415,Comrcio varejista de tintas e materiais para pintura
47423,Comrcio varejista de material eltrico
47431,Comrcio varejista de vidros
47440,"Comrcio varejista de ferragens, madeira e materiais de construo"
47512,Comrcio varejista especializado de equipamentos e suprimentos de informtica
47521,Comrcio varejista especializado de equipamentos de telefonia e comunicao
47539,Comrcio varejista especializado de eletrodomsticos e equipamentos de udio e vdeo
47547,"Comrcio varejista especializado de mveis, colchoaria e artigos de iluminao"
47555,"Comrcio varejista especializado de tecidos e artigos de cama, mesa e banho"
47563,Comrcio varejista especializado de instrumentos musicais e acessrios
47571,Comrcio varejista especializado de peas e acessrios para aparelhos
47598,Comrcio varejista de artigos de uso pessoal e domstico no especificados anteriormente
47610,"Comrcio varejista de livros, jornais, revistas e papelaria"
47628,"Comrcio varejista de discos, CDs, DVDs e fitas"
47636,Comrcio varejista de artigos recreativos e esportivos
47717,Comrcio varejista de produtos farmacuticos para uso humano e veterinrio
47725,"Comrcio varejista de cosmticos, produtos de perfumaria e de higiene pessoal"
47733,Comrcio varejista de artigos mdicos e ortopdicos
47741,Comrcio varejista de artigos de ptica
47814,Comrcio varejista de artigos do vesturio e acessrios
47822,Comrcio varejista de calados e artigos de viagem
47831,Comrcio varejista de joias e relgios
47849,Comrcio varejista de gs liquefeito de petrleo (GLP)
47857,Comrcio varejista de artigos usados
47890,Comrcio varejista de outros produtos novos no especificados anteriormente
47903,Comrcio ambulante e outros tipos de comrcio varejista
49116,Transporte ferrovirio de carga
49124,Transporte metroferrovirio de passageiros
49213,"Transporte rodovirio coletivo de passageiros, com itinerrio fixo, municipal e em regio metropolitana"
49221,"Transporte rodovirio coletivo de passageiros, com itinerrio fixo, intermunicipal, interestadual e internacional"
49230,Transporte rodovirio de txi
49248,Transporte escolar
49299,"Transporte rodovirio coletivo de passageiros, sob regime de fretamento, e outros transportes rodovirios no especificados anteriormente"
49302,Transporte rodovirio de carga
49400,Transporte dutovirio
49507,"Trens tursticos, telefricos e similares"
50114,Transporte martimo de cabotagem
50122,Transporte martimo de longo curso
50211,Transporte por navegao interior de carga
50220,Transporte por navegao interior de passageiros em linhas regulares
50301,Navegao de apoio
50912,Transporte por navegao de travessia
50998,Transportes aquavirios no especificados anteriormente
51111,Transporte areo de passageiros regular
51129,Transporte areo de passageiros no regular
51200,Transporte areo de carga
51307,Transporte espacial
52117,Armazenamento
52125,Carga e descarga
52214,"Concessionrias de rodovias, pontes, tneis e servios relacionados"
52222,Terminais rodovirios e ferrovirios
52231,Estacionamento de veculos
52290,Atividades auxiliares dos transportes terrestres no especificadas anteriormente
52311,Gesto de portos e terminais
52320,Atividades de agenciamento martimo
52397,Atividades auxiliares dos transportes aquavirios no especificadas anteriormente
52401,Atividades auxiliares dos transportes areos
52508,Atividades relacionadas  organizao do transporte de carga
53105,Atividades de Correio
53202,Atividades de malote e de entrega
55108,Hotis e similares
55906,Outros tipos de alojamento no especificados anteriormente
56112,Restaurantes e outros estabelecimentos de servios de alimentao e bebidas
56121,Servios ambulantes de alimentao
56201,"Servios de catering, buf e outros servios de comida preparada"
58115,Edio de livros
58123,Edio de jornais
58131,Edio de revistas
58191,"Edio de cadastros, listas e outros produtos grficos"
58212,Edio integrada  impresso de livros
58221,Edio integrada  impresso de jornais
58239,Edio integrada  impresso de revistas
58298,"Edio integrada  impresso de cadastros, listas e outros produtos grficos"
59111,"Atividades de produo cinematogrfica, de vdeos e de programas de televiso"
59120,"Atividades de ps-produo cinematogrfica, de vdeos e de programas de televiso"
59138,"Distribuio cinematogrfica, de vdeo e de programas de televiso"
59146,Atividades de exibio cinematogrfica
59201,Atividades de gravao de som e de edio de msica
60101,Atividades de rdio
60217,Atividades de televiso aberta
60225,Programadoras e atividades relacionadas  televiso por assinatura
61108,Telecomunicaes por fio
61205,Telecomunicaes sem fio
61302,Telecomunicaes por satlite
61418,Operadoras de televiso por assinatura por cabo
61426,Operadoras de televiso por assinatura por micro-ondas
61434,Operadoras de televiso por assinatura por satlite
61906,Outras atividades de telecomunicaes
62015,Desenvolvimento de programas de computador sob encomenda
62023,Desenvolvimento e licenciamento de programas de computador customizveis
62031,Desenvolvimento e licenciamento de programas de computador no customizveis
62040,Consultoria em tecnologia da informao
62091,"Suporte tcnico, manuteno e outros servios em tecnologia da informao"
63119,"Tratamento de dados, provedores de servios de aplicao e servios de hospedagem na Internet"
63194,"Portais, provedores de contedo e outros servios de informao na Internet"
63917,Agncias de notcias
63992,Outras atividades de prestao de servios de informao no especificadas anteriormente
64107,Banco Central
64212,Bancos comerciais
64221,"Bancos mltiplos, com carteira comercial"
64239,Caixas econmicas
64247,Crdito cooperativo
64310,"Bancos mltiplos, sem carteira comercial"
64328,Bancos de investimento
64336,Bancos de desenvolvimento
64344,Agncias de fomento
64352,Crdito imobilirio
64361,"Sociedades de crdito, financiamento e investimento - financeiras"
64379,Sociedades de crdito ao microempreendedor
64387,Bancos de cmbio e outras instituies de intermediao no monetria
64409,Arrendamento mercantil
64506,Sociedades de capitalizao
64611,Holdings de instituies financeiras
64620,Holdings de instituies no financeiras
64638,"Outras sociedades de participao, exceto holdings"
64701,Fundos de investimento
64913,Sociedades de fomento mercantil - factoring
64921,Securitizao de crditos
64930,Administrao de consrcios para aquisio de bens e direitos
64999,Outras atividades de servios financeiros no especificadas anteriormente
65111,Seguros de vida
65120,Seguros no vida
65201,Seguros-sade
65308,Resseguros
65413,Previdncia complementar fechada
65421,Previdncia complementar aberta
65502,Planos de sade
66118,Administrao de bolsas e mercados de balco organizados
66126,"Atividades de intermedirios em transaes de ttulos, valores mobilirios e mercadorias"
66134,Administrao de cartes de crdito
66193,Atividades auxiliares dos servios financeiros no especificadas anteriormente
66215,Avaliao de riscos e perdas
66223,"Corretores e agentes de seguros, de planos de previdncia complementar e de sade"
66291,"Atividades auxiliares dos seguros, da previdncia complementar e dos planos de sade no especificadas anteriormente"
66304,Atividades de administrao de fundos por contrato ou comisso
68102,Atividades imobilirias de imveis prprios
68218,"Intermediao na compra, venda e aluguel de imveis"
68226,Gesto e administrao da propriedade imobiliria
69117,"Atividades jurdicas, exceto cartrios"
69125,Cartrios
69206,"Atividades de contabilidade, consultoria e auditoria contbil e tributria"
70107,Sedes de empresas e unidades administrativas locais
70204,Atividades de consultoria em gesto empresarial
71111,Servios de arquitetura
71120,Servios de engenharia
71197,Atividades tcnicas relacionadas  arquitetura e engenharia
71201,Testes e anlises tcnicas
72100,Pesquisa e desenvolvimento experimental em cincias fsicas e naturais
72207,Pesquisa e desenvolvimento experimental em cincias sociais e humanas
73114,Agncias de publicidade
73122,"Agenciamento de espaos para publicidade, exceto em veculos de comunicao"
73190,Atividades de publicidade no especificadas anteriormente
73203,Pesquisas de mercado e de opinio pblica
74102,Design e decorao de interiores
74200,Atividades fotogrficas e similares
74901,"Atividades profissionais, cientficas e tcnicas no especificadas anteriormente"
75001,Atividades veterinrias
77110,Locao de automveis sem condutor
77195,"Locao de meios de transporte, exceto automveis, sem condutor"
77217,Aluguel de equipamentos recreativos e esportivos
77225,"Aluguel de fitas de vdeo, DVDs e similares"
77233,"Aluguel de objetos do vesturio, joias e acessrios"
77292,Aluguel de objetos pessoais e domsticos no especificados anteriormente
77314,Aluguel de mquinas e equipamentos agrcolas sem operador
77322,Aluguel de mquinas e equipamentos para construo sem operador
77331,Aluguel de mquinas e equipamentos para escritrio
77390,Aluguel de mquinas e equipamentos no especificados anteriormente
77403,Gesto de ativos intangveis no financeiros
78108,Seleo e agenciamento de mo de obra
78205,Locao de mo de obra temporria
78302,Fornecimento e gesto de recursos humanos para terceiros
79112,Agncias de viagens
79121,Operadores tursticos
79902,Servios de reservas e outros servios de turismo no especificados anteriormente
80111,Atividades de vigilncia e segurana privada
80129,Atividades de transporte de valores
80200,Atividades de monitoramento de sistemas de segurana
80307,Atividades de investigao particular
81117,"Servios combinados para apoio a edifcios, exceto condomnios prediais"
81125,Condomnios prediais
81214,Limpeza em prdios e em domiclios
81222,Imunizao e controle de pragas urbanas
81290,Atividades de limpeza no especificadas anteriormente
81303,Atividades paisagsticas
82113,Servios combinados de escritrio e apoio administrativo
82199,"Fotocpias, preparao de documentos e outros servios especializados de apoio administrativo"
82202,Atividades de teleatendimento
82300,"Atividades de organizao de eventos, exceto culturais e esportivos"
82911,Atividades de cobrana e informaes cadastrais
82920,Envasamento e empacotamento sob contrato
82997,Atividades de servios prestados principalmente s empresas no especificadas anteriormente
84116,Administrao pblica em geral
84124,"Regulao das atividades de sade, educao, servios culturais e outros servios sociais"
84132,Regulao das atividades econmicas
84213,Relaes exteriores
84221,Defesa
84230,Justia
84248,Segurana e ordem pblica
84256,Defesa Civil
84302,Seguridade social obrigatria
85112,Educao infantil - creche
85121,Educao infantil - pr-escola
85139,Ensino fundamental
85201,Ensino mdio
85317,Educao superior - graduao
85325,Educao superior - graduao e ps-graduao
85333,Educao superior - ps-graduao e extenso
85414,Educao profissional de nvel tcnico
85422,Educao profissional de nvel tecnolgico
85503,Atividades de apoio  educao
85911,Ensino de esportes
85929,Ensino de arte e cultura
85937,Ensino de idiomas
85996,Atividades de ensino no especificadas anteriormente
86101,Atividades de atendimento hospitalar
86216,Servios mveis de atendimento a urgncias
86224,"Servios de remoo de pacientes, exceto os servios mveis de atendimento a urgncias"
86305,Atividades de ateno ambulatorial executadas por mdicos e odontlogos
86402,Atividades de servios de complementao diagnstica e teraputica
86500,"Atividades de profissionais da rea de sade, exceto mdicos e odontlogos"
86607,Atividades de apoio  gesto de sade
86909,Atividades de ateno  sade humana no especificadas anteriormente
87115,"Atividades de assistncia a idosos, deficientes fsicos, imunodeprimidos e convalescentes prestadas em residncias coletivas e particulares"
87123,Atividades de fornecimento de infraestrutura de apoio e assistncia a paciente no domiclio
87204,"Atividades de assistncia psicossocial e  sade a portadores de distrbios psquicos, deficincia mental e dependncia qumica"
87301,Atividades de assistncia social prestadas em residncias coletivas e particulares
88006,Servios de assistncia social sem alojamento
90019,"Artes cnicas, espetculos e atividades complementares"
90027,Criao artstica
90035,"Gesto de espaos para artes cnicas, espetculos e outras atividades artsticas"
91015,Atividades de bibliotecas e arquivos
91023,"Atividades de museus e de explorao, restaurao artstica e conservao de lugares e prdios histricos e atraes similares"
91031,"Atividades de jardins botnicos, zoolgicos, parques nacionais, reservas ecolgicas e reas de proteo ambiental"
92003,Atividades de explorao de jogos de azar e apostas
93115,Gesto de instalaes de esportes
93123,"Clubes sociais, esportivos e similares"
93131,Atividades de condicionamento fsico
93191,Atividades esportivas no especificadas anteriormente
93212,Parques de diverso e parques temticos
93298,Atividades de recreao e lazer no especificadas anteriormente
94111,Atividades de organizaes associativas patronais e empresariais
94120,Atividades de organizaes associativas profissionais
94201,Atividades de organizaes sindicais
94308,Atividades de associaes de defesa de direitos sociais
94910,Atividades de organizaes religiosas
94928,Atividades de organizaes polticas
94936,Atividades de organizaes associativas ligadas  cultura e  arte
94995,Atividades associativas no especificadas anteriormente
95118,Reparao e manuteno de computadores e de equipamentos perifricos
95126,Reparao e manuteno de equipamentos de comunicao
95215,Reparao e manuteno de equipamentos eletroeletrnicos de uso pessoal e domstico
95291,Reparao e manuteno de objetos e equipamentos pessoais e domsticos no especificados anteriormente
96017,"Lavanderias, tinturarias e toalheiros"
96025,Cabeleireiros e outras atividades de tratamento de beleza
96033,Atividades funerrias e servios relacionados
96092,Atividades de servios pessoais no especificadas anteriormente
97005,Servios domsticos
99008,Organismos internacionais e outras instituies extraterritoriais
